Designator,Mid X,Mid Y,Rotation,Layer
C1_25,9.198745,-50.699686,90.0,top
C1_24,29.598745,-30.299686,90.0,top
C1_23,49.998745,-40.499686,90.0,top
C1_22,19.398745,-9.899686,90.0,top
C1_21,29.598745,-9.899686,90.0,top
C1_20,19.398745,-20.099686,90.0,top
C1_19,39.798745,-40.499686,90.0,top
C1_18,49.998745,-20.099686,90.0,top
C1_17,19.398745,-40.499686,90.0,top
C1_16,9.198745,-30.299686,90.0,top
C1_15,9.198745,-9.899686,90.0,top
C1_14,9.198745,-40.499686,90.0,top
C1_13,19.398745,-50.699686,90.0,top
C1_12,29.598745,-20.099686,90.0,top
C1_11,9.198745,-20.099686,90.0,top
C1_10,39.798745,-50.699686,90.0,top
C1_9,39.798745,-30.299686,90.0,top
C1_8,49.998745,-9.899686,90.0,top
C1_7,39.798745,-9.899686,90.0,top
C1_6,29.598745,-40.499686,90.0,top
C1_5,29.598745,-50.699686,90.0,top
C1_4,49.998745,-50.699686,90.0,top
C1_3,39.798745,-20.099686,90.0,top
C1_2,49.998745,-30.299686,90.0,top
C1,19.398745,-30.299686,90.0,top
C1001_25,20.798745,-49.699686,90.0,top
C1001_24,20.798745,-39.499686,90.0,top
C1001_23,20.798745,-8.899686,90.0,top
C1001_22,10.598745,-19.099686,90.0,top
C1001_21,10.598745,-8.899686,90.0,top
C1001_20,10.598745,-49.699686,90.0,top
C1001_19,41.198745,-8.899686,90.0,top
C1001_18,10.598745,-29.299686,90.0,top
C1001_17,41.198745,-19.099686,90.0,top
C1001_16,41.198745,-49.699686,90.0,top
C1001_15,30.998745,-49.699686,90.0,top
C1001_14,51.398745,-19.099686,90.0,top
C1001_13,51.398745,-39.499686,90.0,top
C1001_12,20.798745,-19.099686,90.0,top
C1001_11,51.398745,-29.299686,90.0,top
C1001_10,51.398745,-8.899686,90.0,top
C1001_9,30.998745,-39.499686,90.0,top
C1001_8,10.598745,-39.499686,90.0,top
C1001_7,41.198745,-39.499686,90.0,top
C1001_6,41.198745,-29.299686,90.0,top
C1001_5,30.998745,-19.099686,90.0,top
C1001_4,51.398745,-49.699686,90.0,top
C1001_3,20.798745,-29.299686,90.0,top
C1001_2,30.998745,-8.899686,90.0,top
C1001,30.998745,-29.299686,90.0,top
D1_25,48.931246,-35.369686,180.0,top
D1_24,38.731246,-45.569686,180.0,top
D1_23,38.731246,-14.969686,180.0,top
D1_22,38.731246,-35.369686,180.0,top
D1_21,28.531246,-25.169686,180.0,top
D1_20,18.331246,-35.369686,180.0,top
D1_19,28.531246,-14.969686,180.0,top
D1_18,28.531246,-35.369686,180.0,top
D1_17,38.731246,-4.769686,180.0,top
D1_16,18.331246,-14.969686,180.0,top
D1_15,48.931246,-45.569686,180.0,top
D1_14,8.131246,-35.369686,180.0,top
D1_13,18.331246,-45.569686,180.0,top
D1_12,28.531246,-45.569686,180.0,top
D1_11,8.131246,-25.169686,180.0,top
D1_10,48.931246,-4.769686,180.0,top
D1_9,8.131246,-45.569686,180.0,top
D1_8,48.931246,-14.969686,180.0,top
D1_7,8.131246,-14.969686,180.0,top
D1_6,18.331246,-4.769686,180.0,top
D1_5,8.131246,-4.769686,180.0,top
D1_4,28.531246,-4.769686,180.0,top
D1_3,38.731246,-25.169686,180.0,top
D1_2,48.931246,-25.169686,180.0,top
D1,18.331246,-25.169686,180.0,top
D2_25,41.085798,-36.346739,135.0,top
D2_24,20.685798,-46.546739,135.0,top
D2_23,10.485798,-5.746739,135.0,top
D2_22,51.285798,-26.146739,135.0,top
D2_21,51.285798,-46.546739,135.0,top
D2_20,30.885798,-46.546739,135.0,top
D2_19,41.085798,-5.746739,135.0,top
D2_18,10.485798,-46.546739,135.0,top
D2_17,30.885798,-36.346739,135.0,top
D2_16,51.285798,-5.746739,135.0,top
D2_15,41.085798,-15.946739,135.0,top
D2_14,20.685798,-5.746739,135.0,top
D2_13,30.885798,-15.946739,135.0,top
D2_12,20.685798,-15.946739,135.0,top
D2_11,20.685798,-36.346739,135.0,top
D2_10,20.685798,-26.146739,135.0,top
D2_9,41.085798,-26.146739,135.0,top
D2_8,10.485798,-26.146739,135.0,top
D2_7,30.885798,-26.146739,135.0,top
D2_6,51.285798,-36.346739,135.0,top
D2_5,51.285798,-15.946739,135.0,top
D2_4,41.085798,-46.546739,135.0,top
D2_3,30.885798,-5.746739,135.0,top
D2_2,10.485798,-36.346739,135.0,top
D2,10.485798,-15.946739,135.0,top
D3_25,45.558745,-38.679686,270.0,top
D3_24,45.558745,-8.079686,270.0,top
D3_23,4.758745,-18.279686,270.0,top
D3_22,35.358745,-38.679686,270.0,top
D3_21,25.158745,-48.879686,270.0,top
D3_20,25.158745,-28.479686,270.0,top
D3_19,4.758745,-38.679686,270.0,top
D3_18,45.558745,-48.879686,270.0,top
D3_17,25.158745,-8.079686,270.0,top
D3_16,35.358745,-8.079686,270.0,top
D3_15,35.358745,-18.279686,270.0,top
D3_14,35.358745,-28.479686,270.0,top
D3_13,14.958745,-18.279686,270.0,top
D3_12,25.158745,-18.279686,270.0,top
D3_11,45.558745,-18.279686,270.0,top
D3_10,25.158745,-38.679686,270.0,top
D3_9,14.958745,-8.079686,270.0,top
D3_8,14.958745,-28.479686,270.0,top
D3_7,45.558745,-28.479686,270.0,top
D3_6,4.758745,-48.879686,270.0,top
D3_5,14.958745,-38.679686,270.0,top
D3_4,4.758745,-8.079686,270.0,top
D3_3,35.358745,-48.879686,270.0,top
D3_2,14.958745,-48.879686,270.0,top
D3,4.758745,-28.479686,270.0,top
D4_25,48.918745,-48.849686,180.0,top
D4_24,18.318745,-38.649686,180.0,top
D4_23,8.118745,-18.249686,180.0,top
D4_22,48.918745,-18.249686,180.0,top
D4_21,8.118745,-48.849686,180.0,top
D4_20,8.118745,-28.449686,180.0,top
D4_19,18.318745,-48.849686,180.0,top
D4_18,48.918745,-28.449686,180.0,top
D4_17,18.318745,-8.049686,180.0,top
D4_16,38.718745,-48.849686,180.0,top
D4_15,38.718745,-8.049686,180.0,top
D4_14,38.718745,-28.449686,180.0,top
D4_13,48.918745,-8.049686,180.0,top
D4_12,38.718745,-18.249686,180.0,top
D4_11,48.918745,-38.649686,180.0,top
D4_10,28.518745,-18.249686,180.0,top
D4_9,18.318745,-18.249686,180.0,top
D4_8,8.118745,-8.049686,180.0,top
D4_7,18.318745,-28.449686,180.0,top
D4_6,28.518745,-48.849686,180.0,top
D4_5,8.118745,-38.649686,180.0,top
D4_4,38.718745,-38.649686,180.0,top
D4_3,28.518745,-28.449686,180.0,top
D4_2,28.518745,-38.649686,180.0,top
D4,28.518745,-8.049686,180.0,top
D5_25,31.858745,-28.482187,90.0,top
D5_24,11.458745,-28.482187,90.0,top
D5_23,21.658745,-18.282187,90.0,top
D5_22,11.458745,-48.882187,90.0,top
D5_21,21.658745,-8.082187,90.0,top
D5_20,21.658745,-48.882187,90.0,top
D5_19,21.658745,-28.482187,90.0,top
D5_18,11.458745,-38.682187,90.0,top
D5_17,31.858745,-48.882187,90.0,top
D5_16,42.058745,-18.282187,90.0,top
D5_15,31.858745,-8.082187,90.0,top
D5_14,52.258745,-8.082187,90.0,top
D5_13,52.258745,-28.482187,90.0,top
D5_12,42.058745,-38.682187,90.0,top
D5_11,42.058745,-28.482187,90.0,top
D5_10,21.658745,-38.682187,90.0,top
D5_9,11.458745,-18.282187,90.0,top
D5_8,11.458745,-8.082187,90.0,top
D5_7,52.258745,-18.282187,90.0,top
D5_6,31.858745,-18.282187,90.0,top
D5_5,52.258745,-48.882187,90.0,top
D5_4,42.058745,-48.882187,90.0,top
D5_3,52.258745,-38.682187,90.0,top
D5_2,31.858745,-38.682187,90.0,top
D5,42.058745,-8.082187,90.0,top
D6_25,5.755798,-51.316739,315.0,top
D6_24,5.755798,-41.116739,315.0,top
D6_23,46.555798,-41.116739,315.0,top
D6_22,36.355798,-30.916739,315.0,top
D6_21,26.155798,-41.116739,315.0,top
D6_20,46.555798,-10.516739,315.0,top
D6_19,15.955798,-51.316739,315.0,top
D6_18,15.955798,-30.916739,315.0,top
D6_17,46.555798,-20.716739,315.0,top
D6_16,15.955798,-10.516739,315.0,top
D6_15,26.155798,-20.716739,315.0,top
D6_14,36.355798,-41.116739,315.0,top
D6_13,26.155798,-30.916739,315.0,top
D6_12,36.355798,-10.516739,315.0,top
D6_11,36.355798,-20.716739,315.0,top
D6_10,15.955798,-20.716739,315.0,top
D6_9,5.755798,-10.516739,315.0,top
D6_8,26.155798,-51.316739,315.0,top
D6_7,26.155798,-10.516739,315.0,top
D6_6,5.755798,-20.716739,315.0,top
D6_5,5.755798,-30.916739,315.0,top
D6_4,46.555798,-51.316739,315.0,top
D6_3,46.555798,-30.916739,315.0,top
D6_2,15.955798,-41.116739,315.0,top
D6,36.355798,-51.316739,315.0,top
D7_25,48.938745,-11.499686,0.0,top
D7_24,28.538745,-11.499686,0.0,top
D7_23,18.338745,-21.699686,0.0,top
D7_22,38.738745,-31.899686,0.0,top
D7_21,8.138745,-21.699686,0.0,top
D7_20,38.738745,-52.299686,0.0,top
D7_19,28.538745,-31.899686,0.0,top
D7_18,48.938745,-42.099686,0.0,top
D7_17,8.138745,-11.499686,0.0,top
D7_16,48.938745,-31.899686,0.0,top
D7_15,8.138745,-52.299686,0.0,top
D7_14,48.938745,-52.299686,0.0,top
D7_13,38.738745,-42.099686,0.0,top
D7_12,18.338745,-52.299686,0.0,top
D7_11,18.338745,-31.899686,0.0,top
D7_10,38.738745,-11.499686,0.0,top
D7_9,28.538745,-52.299686,0.0,top
D7_8,8.138745,-42.099686,0.0,top
D7_7,38.738745,-21.699686,0.0,top
D7_6,28.538745,-21.699686,0.0,top
D7_5,18.338745,-11.499686,0.0,top
D7_4,48.938745,-21.699686,0.0,top
D7_3,8.138745,-31.899686,0.0,top
D7_2,28.538745,-42.099686,0.0,top
D7,18.338745,-42.099686,0.0,top
R1_25,19.248745,-47.599686,135.0,top
R1_24,49.848745,-37.399686,135.0,top
R1_23,39.648745,-27.199686,135.0,top
R1_22,9.048745,-16.999686,135.0,top
R1_21,9.048745,-27.199686,135.0,top
R1_20,39.648745,-16.999686,135.0,top
R1_19,29.448745,-27.199686,135.0,top
R1_18,29.448745,-16.999686,135.0,top
R1_17,19.248745,-37.399686,135.0,top
R1_16,49.848745,-27.199686,135.0,top
R1_15,49.848745,-16.999686,135.0,top
R1_14,19.248745,-27.199686,135.0,top
R1_13,49.848745,-6.799686,135.0,top
R1_12,9.048745,-6.799686,135.0,top
R1_11,19.248745,-16.999686,135.0,top
R1_10,29.448745,-6.799686,135.0,top
R1_9,39.648745,-47.599686,135.0,top
R1_8,49.848745,-47.599686,135.0,top
R1_7,19.248745,-6.799686,135.0,top
R1_6,9.048745,-47.599686,135.0,top
R1_5,29.448745,-47.599686,135.0,top
R1_4,9.048745,-37.399686,135.0,top
R1_3,39.648745,-6.799686,135.0,top
R1_2,29.448745,-37.399686,135.0,top
R1,39.648745,-37.399686,135.0,top
U1_25,48.318745,-50.469686,0.0,top
U1_24,48.318745,-19.869686,0.0,top
U1_23,7.518745,-9.669686,0.0,top
U1_22,38.118745,-30.069686,0.0,top
U1_21,17.718745,-9.669686,0.0,top
U1_20,27.918745,-9.669686,0.0,top
U1_19,48.318745,-30.069686,0.0,top
U1_18,17.718745,-50.469686,0.0,top
U1_17,7.518745,-19.869686,0.0,top
U1_16,17.718745,-19.869686,0.0,top
U1_15,27.918745,-30.069686,0.0,top
U1_14,17.718745,-30.069686,0.0,top
U1_13,38.118745,-50.469686,0.0,top
U1_12,38.118745,-9.669686,0.0,top
U1_11,38.118745,-40.269686,0.0,top
U1_10,17.718745,-40.269686,0.0,top
U1_9,7.518745,-50.469686,0.0,top
U1_8,48.318745,-40.269686,0.0,top
U1_7,7.518745,-40.269686,0.0,top
U1_6,27.918745,-19.869686,0.0,top
U1_5,38.118745,-19.869686,0.0,top
U1_4,27.918745,-50.469686,0.0,top
U1_3,48.318745,-9.669686,0.0,top
U1_2,7.518745,-30.069686,0.0,top
U1,27.918745,-40.269686,0.0,top
